macro-região,unidade,uo,tipo1
Capital,14 Bis,49,centro expandido
Capital,24 De Maio,52,centro expandido
Capital,Av. Paulista,65,área nobre
Capital,Belenzinho,68
Capital,Bom Retiro,94,centro expandido
Capital,Campo Limpo,91
Capital,Carmo,64,centro expandido
Capital,Casa Verde,60
Capital,Cinesesc,59,área nobre
Capital,Consolação,62,centro expandido
Capital,CPF,89,centro expandido
Capital,Interlagos,55,campestre
Capital,Ipiranga,57
Capital,Itaquera,56,campestre
Capital,Pinheiros,58
Capital,Pompeia,63
Capital,Pq. Dom Pedro II,74,centro expandido
Capital,Santana,53
Capital,Santo Amaro,70
Capital,Sao Bento,61,centro expandido
Capital,Sesc Galeria,46,centro expandido
Capital,Vila Mariana,66,área nobre
Grande S.Paulo,Guarulhos,73,RM Leste
Grande S.Paulo,Mogi Das Cruzes,72,RM Leste
Grande S.Paulo,Santo André,88,RM Sul
Grande S.Paulo,São Caetano,67,RM Sul
Grande S.Paulo,Osasco,95,RM Oeste
Interior e Litoral,Araraquara,86
Interior e Litoral,Bauru,80
Interior e Litoral,Bertioga,71,litoral
Interior e Litoral,Birigui,85
Interior e Litoral,Campinas,75
Interior e Litoral,Catanduva,79
Interior e Litoral,Franca,54
Interior e Litoral,Jundiaí,93
Interior e Litoral,Marilia,69
Interior e Litoral,Piracicaba,83
Interior e Litoral,Prudente,87
Interior e Litoral,Registro,92
Interior e Litoral,Ribeirão Preto,76
Interior e Litoral,Rio Preto,84
Interior e Litoral,S.J.Campos,77,vale
Interior e Litoral,Santos,78,litoral
Interior e Litoral,São Carlos,82
Interior e Litoral,Sorocaba,96
Interior e Litoral,Taubaté,81,vale
